{
    "who": "Chez inspecto, nous sommes votre r\u00e9f\u00e9rence pour tout ce qui concerne l'automobile ! Nous ne sommes pas seulement un site Web ; nous sommes vos compagnons automobiles de confiance, l\u00e0 pour rationaliser et am\u00e9liorer votre voyage en voiture.",
    "mission": "Notre mission chez inspecto est claire : offrir aux passionn\u00e9s de voitures, aux acheteurs et aux propri\u00e9taires des solutions innovantes qui simplifient leurs exp\u00e9riences automobiles. Notre objectif est de vous aider \u00e0 trouver la voiture adapt\u00e9e \u00e0 vos besoins et \u00e0 votre budget tout en vous assurant d'avoir acc\u00e8s \u00e0 des diagnostics et \u00e0 des informations d'entretien de premier ordre.",
    "services": "D\u00e9bord\u00e9 par les choix de voitures ? Notre syst\u00e8me de recommandation intelligent utilise des algorithmes de pointe pour faire correspondre votre budget avec le v\u00e9hicule parfait. Qu'il s'agisse d'une berline \u00e9l\u00e9gante, d'un SUV robuste ou d'un hybride \u00e9cologique, nous sommes l\u00e0 pour vous. Les ennuis de voiture vous stressent ? Nos services de diagnostic et de maintenance fournissent des conseils d'experts, des didacticiels \u00e9tape par \u00e9tape et des guides de d\u00e9pannage. Que vous soyez un r\u00e9ducteur chevronn\u00e9 ou un bricoleur novice, nous avons ce qu'il vous faut.",
    "why": "Expertise : Notre \u00e9quipe est compos\u00e9e d\u2019experts passionn\u00e9s de l\u2019automobile fournissant des informations pr\u00e9cises et \u00e0 jour. Centr\u00e9 sur l'utilisateur : nous priorisons vos besoins, en adaptant les recommandations et les solutions juste pour vous. Innovation : nous nous engageons \u00e0 rester \u00e0 l'avant-garde en mati\u00e8re de technologie, en nous am\u00e9liorant continuellement pour r\u00e9pondre \u00e0 l'\u00e9volution de vos besoins automobiles. Fiabilit\u00e9 : des informations et des recommandations fiables sont notre promesse.",
    "why1": "Chez inspecto, nous ne nous occupons pas seulement des voitures ; nous parlons de vous et de votre parcours automobile. Que vous soyez \u00e0 la recherche de la voiture de vos r\u00eaves ou que vous ayez besoin d'aide avec votre v\u00e9hicule actuel, nous sommes l\u00e0 pour rendre votre exp\u00e9rience fluide, sans tracas et agr\u00e9able. Rejoignez notre communaut\u00e9 de passionn\u00e9s d'automobile d\u00e8s aujourd'hui et d\u00e9couvrez comment nous pouvons am\u00e9liorer vos aventures li\u00e9es \u00e0 l'automobile !",
    "facebook": null,
    "instagram": null,
    "linkedin": null,
    "whatsapp": "https://wa.me/+212658325403"
}